{"cameraMode":{"drawMode":0,"name":"Shaded","section":"Shading Mode"},"sceneLighting":true,"audioPlay":false,"sceneViewState":{"showFog":true,"showMaterialUpdate":false,"showSkybox":true,"showFlares":true,"showImageEffects":true,"showParticleSystems":true},"in2DMode":false,"pivot":{"x":-2.6489999294281008,"y":1.7852904796600342,"z":-2.144416093826294},"rotation":{"x":-0.2663295865058899,"y":0.2816164195537567,"z":-0.08168476074934006,"w":-0.9181983470916748},"size":22.0,"orthographic":false}