{"cameraMode":{"drawMode":0,"name":"Shaded","section":"Shading Mode"},"sceneLighting":false,"audioPlay":false,"sceneViewState":{"showFog":true,"showMaterialUpdate":false,"showSkybox":false,"showFlares":true,"showImageEffects":true,"showParticleSystems":true},"in2DMode":false,"pivot":{"x":-2.5,"y":-1.4999991655349732,"z":-10.000001907348633},"rotation":{"x":-0.45137473940849306,"y":-0.006159889046102762,"z":0.0031165170948952438,"w":-0.8923255801200867},"size":39.22633361816406,"orthographic":false}